,1inchusdt_change,oxtusdt_change,grtusdt_change,solusdt_change,kavausdt_change,fisusdt_change,hbarusdt_change,woousdt_change,filusdt_change,aaveusdt_change
0,28.5,0.023868312757201644,0.014676990639084763,0.11217437533227002,0.07141249718700769,0.15750915750915742,0.0953442375914356,0.026470588235294173,0.06447721531159038,0.027409125094008547
1,0.32848136512619514,0.0029350104821803196,0.26016620900587134,0.04981175789168837,0.014072119613016625,0.0037313432835820552,0.015123220572478018,0.010101010101010142,0.026149135176177063,0.03969774358269311
2,0.09340012180267974,0.1950370047888552,0.1086388683608411,0.0264430120128919,0.0647359454855195,0.007672634271099711,0.07106728169238087,0.028899835796387593,0.01449704893600797,0.0886454143107319
3,0.07560831419793676,0.016680227827502118,0.03353346299480417,0.013057438458794137,0.015453021357241862,0.08656716417910447,0.041136201716073566,0.026928191489361524,0.005213320566017758,0.06322462669855414
